{"bag_mae_std": 1.0377874215373746, "bag_mae_mean": 15.30021418740541, "forest_mae_std": 1.0587953250073068, "forest_mae_mean": 14.693966227666888}