{"rmse": 28.41016040322923, "mae": 13.170478170478171}