{"rmse": 24.836555112464165, "mae": 13.336798336798337}