{"rmse": 23.92808004318388, "mae": 11.70893970893971}