{"rmse": 19.644819136833988, "mae": 11.103950103950105}