{"bag_mae_std": 0.5852768917723031, "bag_mae_mean": 7.803213522588524, "forest_mae_std": 0.6187451320467383, "forest_mae_mean": 8.002928592420432}