{"bag_mae_std": 0.9598898552886439, "bag_mae_mean": 13.052982870552066, "forest_mae_std": 1.219602311634422, "forest_mae_mean": 12.784743051066581}