{"bag_mae_std": 0.6585380750092941, "bag_mae_mean": 15.12947464177979, "forest_mae_std": 0.5670285483739297, "forest_mae_mean": 14.692382213093158}